{
  "id": "1811692",
  "name": "Blog",
  "font_family": "iconfont",
  "css_prefix_text": "icon-",
  "description": "",
  "glyphs": [
    {
      "icon_id": "576404",
      "name": "加号",
      "font_class": "iconfonticon02",
      "unicode": "e600",
      "unicode_decimal": 58880
    },
    {
      "icon_id": "902029",
      "name": "标签",
      "font_class": "biaoqian",
      "unicode": "e62b",
      "unicode_decimal": 58923
    },
    {
      "icon_id": "1110423",
      "name": "微信",
      "font_class": "weixin",
      "unicode": "e615",
      "unicode_decimal": 58901
    },
    {
      "icon_id": "1167321",
      "name": "删除",
      "font_class": "shanchu",
      "unicode": "e643",
      "unicode_decimal": 58947
    },
    {
      "icon_id": "2401929",
      "name": "访问",
      "font_class": "fangwen",
      "unicode": "e608",
      "unicode_decimal": 58888
    },
    {
      "icon_id": "2767711",
      "name": "搜索",
      "font_class": "icon-",
      "unicode": "e64b",
      "unicode_decimal": 58955
    },
    {
      "icon_id": "5634808",
      "name": "qq",
      "font_class": "qq",
      "unicode": "f216",
      "unicode_decimal": 61974
    },
    {
      "icon_id": "7708030",
      "name": "删除",
      "font_class": "shanchu1",
      "unicode": "e61d",
      "unicode_decimal": 58909
    },
    {
      "icon_id": "10905595",
      "name": "链接",
      "font_class": "lianjie",
      "unicode": "e626",
      "unicode_decimal": 58918
    }
  ]
}
